_parent_table_path,_parent_table_name,_parent_record_index,_index,BCCS,BCLS,HBST,LBST,QBCS,QBSS,QBTS,WRST,_compressed_header,_subrecord_header,_subRecord,_parent_header,_main_header
BLOB,BLOB,0,141,,,,,,,,,8e886e03,8e886e03,"{""_index"":0,""QBCS"":6,""QBSS"":15,""QBTS"":31}",8e8da903,
BLOB,BLOB,0,146,,,,,,,,,8e886e03,8e886e03,"{""_index"":0,""QBCS"":1,""QBSS"":11,""QBTS"":14}",8e8da903,
BLOB,BLOB,0,155,,,,,,,,,8e886e03,8e886e03,"{""_index"":0,""QBCS"":1,""QBSS"":23,""QBTS"":7}",8e8da903,
BLOB,BLOB,0,187,,,,,,,,,8e886e03,8e886e03,"{""_index"":0,""QBTS"":5}",8e8da903,
BLOB,BLOB,0,345,,,,,,,,,8e886e03,8e886e03,"{""_index"":0,""HBST"":3}",8e8da903,
BLOB,BLOB,0,526,,,,,,,,,8e886e03,8e886e03,"{""_index"":0,""WRST"":4}",8e8da903,
BLOB,BLOB,0,550,,,,,,,,,8e886e03,8e886e03,"{""_index"":0,""QBCS"":2,""QBSS"":24,""QBTS"":41}",8e8da903,
BLOB,BLOB,0,693,,,,,,,,,8e886e03,8e886e03,"{""_index"":0,""QBCS"":6,""QBSS"":24,""QBTS"":35}",8e8da903,
BLOB,BLOB,0,725,,,,,,,,,8e886e03,8e886e03,"{""_index"":0,""HBST"":1}",8e8da903,
BLOB,BLOB,0,758,,,,,,,,,8e886e03,8e886e03,"{""_index"":0,""HBST"":1}",8e8da903,
BLOB,BLOB,0,975,,,,,,,,,8e886e03,8e886e03,"{""_index"":0,""QBCS"":8,""QBSS"":14,""QBTS"":35}",8e8da903,
BLOB,BLOB,0,1073,,,,,,,,,8e886e03,8e886e03,"{""_index"":0,""QBCS"":1,""QBSS"":2,""QBTS"":21}",8e8da903,
BLOB,BLOB,0,1160,,,,,,,,,8e886e03,8e886e03,"{""_index"":0,""HBST"":4}",8e8da903,
BLOB,BLOB,0,1223,,,,,,,,,8e886e03,8e886e03,"{""_index"":0,""QBCS"":1,""QBSS"":15,""QBTS"":19}",8e8da903,
BLOB,BLOB,0,1589,,,,,,,,,8e886e03,8e886e03,"{""_index"":0,""QBCS"":1,""QBSS"":24,""QBTS"":21}",8e8da903,
BLOB,BLOB,0,1619,,,,,,,,,8e886e03,8e886e03,"{""_index"":0,""QBCS"":9,""QBSS"":23,""QBTS"":25}",8e8da903,
BLOB,BLOB,0,1695,,,,,,,,,8e886e03,8e886e03,"{""_index"":0,""QBCS"":3,""QBSS"":24,""QBTS"":38}",8e8da903,
BLOB,BLOB,0,1797,,,,,,,,,8e886e03,8e886e03,"{""_index"":0,""QBCS"":6,""QBSS"":6,""QBTS"":20}",8e8da903,
BLOB,BLOB,0,1805,,,,,,,,,8e886e03,8e886e03,"{""_index"":0,""QBCS"":8,""QBSS"":10,""QBTS"":25}",8e8da903,
BLOB,BLOB,0,3012,,,,,,,,,8e886e03,8e886e03,"{""_index"":0,""QBCS"":1,""QBSS"":11,""QBTS"":18}",8e8da903,
BLOB,BLOB,0,3232,,,,,,,,,8e886e03,8e886e03,"{""_index"":0,""QBCS"":2,""QBSS"":13,""QBTS"":42}",8e8da903,
BLOB,BLOB,0,3375,,,,,,,,,8e886e03,8e886e03,"{""_index"":0,""QBCS"":9,""QBSS"":24,""QBTS"":12}",8e8da903,
BLOB,BLOB,0,3389,,,,,,,,,8e886e03,8e886e03,"{""_index"":0,""QBCS"":7,""QBSS"":15,""QBTS"":41}",8e8da903,
BLOB,BLOB,0,3487,,,,,,,,,8e886e03,8e886e03,"{""_index"":0,""QBCS"":9,""QBSS"":18,""QBTS"":41}",8e8da903,
BLOB,BLOB,0,3520,,,,,,,,,8e886e03,8e886e03,"{""_index"":0,""QBCS"":7,""QBSS"":3,""QBTS"":20}",8e8da903,
BLOB,BLOB,0,3995,,,,,,,,,8e886e03,8e886e03,"{""_index"":0,""QBCS"":3,""QBSS"":10,""QBTS"":41}",8e8da903,
BLOB,BLOB,0,3999,,,,,,,,,8e886e03,8e886e03,"{""_index"":0,""QBCS"":10,""QBSS"":14,""QBTS"":30}",8e8da903,
BLOB,BLOB,0,4056,,,,,,,,,8e886e03,8e886e03,"{""_index"":0,""QBCS"":5,""QBSS"":4,""QBTS"":30}",8e8da903,
BLOB,BLOB,0,4059,,,,,,,,,8e886e03,8e886e03,"{""_index"":0,""QBCS"":6,""QBSS"":24,""QBTS"":40}",8e8da903,
BLOB,BLOB,0,4095,,,,,,,,,8e886e03,8e886e03,"{""_index"":0,""HBST"":3}",8e8da903,
BLOB,BLOB,0,4136,,,,,,,,,8e886e03,8e886e03,"{""_index"":0,""QBCS"":10,""QBSS"":3,""QBTS"":20}",8e8da903,
BLOB,BLOB,0,4695,,,,,,,,,8e886e03,8e886e03,"{""_index"":0,""QBCS"":1,""QBSS"":14}",8e8da903,
BLOB,BLOB,0,5624,,,,,,,,,8e886e03,8e886e03,"{""_index"":0,""QBCS"":10,""QBSS"":24,""QBTS"":36}",8e8da903,
BLOB,BLOB,0,5629,,,,,,,,,8e886e03,8e886e03,"{""_index"":0,""QBCS"":3,""QBSS"":12,""QBTS"":40}",8e8da903,
BLOB,BLOB,0,5679,,,,,,,,,8e886e03,8e886e03,"{""_index"":0,""QBCS"":8,""QBSS"":6,""QBTS"":23}",8e8da903,
BLOB,BLOB,0,5770,,,,,,,,,8e886e03,8e886e03,"{""_index"":0,""HBST"":3}",8e8da903,
BLOB,BLOB,0,5772,,,,,,,,,8e886e03,8e886e03,"{""_index"":0,""HBST"":1}",8e8da903,
BLOB,BLOB,0,5822,,,,,,,,,8e886e03,8e886e03,"{""_index"":0,""HBST"":1}",8e8da903,
BLOB,BLOB,0,5976,,,,,,,,,8e886e03,8e886e03,"{""_index"":0,""LBST"":5}",8e8da903,
BLOB,BLOB,0,6023,,,,,,,,,8e886e03,8e886e03,"{""_index"":0,""QBCS"":3,""QBSS"":14,""QBTS"":25}",8e8da903,
BLOB,BLOB,0,6042,,,,,,,,,8e886e03,8e886e03,"{""_index"":0,""HBST"":1}",8e8da903,
BLOB,BLOB,0,6150,,,,,,,,,8e886e03,8e886e03,"{""_index"":0,""QBCS"":1,""QBSS"":18,""QBTS"":41}",8e8da903,
BLOB,BLOB,0,6166,,,,,,,,,8e886e03,8e886e03,"{""_index"":0,""QBCS"":7,""QBSS"":18,""QBTS"":27}",8e8da903,
BLOB,BLOB,0,6834,,,,,,,,,8e886e03,8e886e03,"{""_index"":0,""HBST"":3}",8e8da903,
BLOB,BLOB,0,6869,,,,,,,,,8e886e03,8e886e03,"{""_index"":0,""QBCS"":2,""QBSS"":14,""QBTS"":38}",8e8da903,
BLOB,BLOB,0,6879,,,,,,,,,8e886e03,8e886e03,"{""_index"":0,""WRST"":14}",8e8da903,
BLOB,BLOB,0,6888,,,,,,,,,8e886e03,8e886e03,"{""_index"":0,""QBCS"":6,""QBSS"":6,""QBTS"":38}",8e8da903,
BLOB,BLOB,0,7090,,,,,,,,,8e886e03,8e886e03,"{""_index"":0,""QBCS"":8,""QBSS"":8,""QBTS"":37}",8e8da903,
BLOB,BLOB,0,7128,,,,,,,,,8e886e03,8e886e03,"{""_index"":0,""HBST"":3}",8e8da903,
BLOB,BLOB,0,7360,,,,,,,,,8e886e03,8e886e03,"{""_index"":0,""HBST"":2}",8e8da903,
BLOB,BLOB,0,7401,,,,,,,,,8e886e03,8e886e03,"{""_index"":0,""QBCS"":6,""QBSS"":12,""QBTS"":19}",8e8da903,
BLOB,BLOB,0,7588,,,,,,,,,8e886e03,8e886e03,"{""_index"":0,""QBCS"":4,""QBSS"":10,""QBTS"":19}",8e8da903,
BLOB,BLOB,0,7607,,,,,,,,,8e886e03,8e886e03,"{""_index"":0,""LBST"":2}",8e8da903,
BLOB,BLOB,0,7631,,,,,,,,,8e886e03,8e886e03,"{""_index"":0,""WRST"":9}",8e8da903,
BLOB,BLOB,0,7642,,,,,,,,,8e886e03,8e886e03,"{""_index"":0,""HBST"":3}",8e8da903,
BLOB,BLOB,0,7660,,,,,,,,,8e886e03,8e886e03,"{""_index"":0,""QBCS"":3,""QBSS"":13,""QBTS"":27}",8e8da903,
BLOB,BLOB,0,7673,,,,,,,,,8e886e03,8e886e03,"{""_index"":0,""BCCS"":2,""HBST"":4}",8e8da903,
BLOB,BLOB,0,7692,,,,,,,,,8e886e03,8e886e03,"{""_index"":0,""QBCS"":6,""QBSS"":24,""QBTS"":18}",8e8da903,
BLOB,BLOB,0,8071,,,,,,,,,8e886e03,8e886e03,"{""_index"":0,""HBST"":1}",8e8da903,
BLOB,BLOB,0,8151,,,,,,,,,8e886e03,8e886e03,"{""_index"":0,""QBCS"":5,""QBSS"":6}",8e8da903,
BLOB,BLOB,0,8266,,,,,,,,,8e886e03,8e886e03,"{""_index"":0,""QBCS"":6,""QBSS"":10,""QBTS"":5}",8e8da903,
BLOB,BLOB,0,8726,,,,,,,,,8e886e03,8e886e03,"{""_index"":0,""WRST"":13}",8e8da903,
BLOB,BLOB,0,8728,,,,,,,,,8e886e03,8e886e03,"{""_index"":0,""HBST"":1}",8e8da903,
BLOB,BLOB,0,8771,,,,,,,,,8e886e03,8e886e03,"{""_index"":0,""HBST"":1}",8e8da903,
BLOB,BLOB,0,9147,,,,,,,,,8e886e03,8e886e03,"{""_index"":0,""QBCS"":6,""QBSS"":23,""QBTS"":12}",8e8da903,
BLOB,BLOB,0,9325,,,,,,,,,8e886e03,8e886e03,"{""_index"":0,""QBCS"":9,""QBSS"":14,""QBTS"":7}",8e8da903,
BLOB,BLOB,0,9700,,,,,,,,,8e886e03,8e886e03,"{""_index"":0,""HBST"":1}",8e8da903,
BLOB,BLOB,0,9715,,,,,,,,,8e886e03,8e886e03,"{""_index"":0,""QBCS"":10,""QBSS"":10,""QBTS"":27}",8e8da903,
BLOB,BLOB,0,9811,,,,,,,,,8e886e03,8e886e03,"{""_index"":0,""LBST"":4}",8e8da903,
BLOB,BLOB,0,9828,,,,,,,,,8e886e03,8e886e03,"{""_index"":0,""QBCS"":10,""QBSS"":14,""QBTS"":32}",8e8da903,
BLOB,BLOB,0,10016,,,,,,,,,8e886e03,8e886e03,"{""_index"":0,""LBST"":3}",8e8da903,
BLOB,BLOB,0,10022,,,,,,,,,8e886e03,8e886e03,"{""_index"":0,""HBST"":3}",8e8da903,
BLOB,BLOB,0,10036,,,,,,,,,8e886e03,8e886e03,"{""_index"":0,""QBCS"":2,""QBSS"":12,""QBTS"":30}",8e8da903,
BLOB,BLOB,0,10047,,,,,,,,,8e886e03,8e886e03,"{""_index"":0,""QBCS"":9,""QBSS"":19,""QBTS"":43}",8e8da903,
BLOB,BLOB,0,10136,,,,,,,,,8e886e03,8e886e03,"{""_index"":0,""QBCS"":10,""QBSS"":12,""QBTS"":4}",8e8da903,
BLOB,BLOB,0,10190,,,,,,,,,8e886e03,8e886e03,"{""_index"":0,""QBCS"":8,""QBSS"":18,""QBTS"":28}",8e8da903,
BLOB,BLOB,0,10268,,,,,,,,,8e886e03,8e886e03,"{""_index"":0,""QBCS"":3,""QBSS"":14,""QBTS"":30}",8e8da903,
BLOB,BLOB,0,10291,,,,,,,,,8e886e03,8e886e03,"{""_index"":0,""HBST"":2}",8e8da903,
BLOB,BLOB,0,10316,,,,,,,,,8e886e03,8e886e03,"{""_index"":0,""QBCS"":2,""QBSS"":7,""QBTS"":43}",8e8da903,
BLOB,BLOB,0,10323,,,,,,,,,8e886e03,8e886e03,"{""_index"":0,""HBST"":1}",8e8da903,
BLOB,BLOB,0,10501,,,,,,,,,8e886e03,8e886e03,"{""_index"":0,""QBCS"":2,""QBSS"":10,""QBTS"":27}",8e8da903,
BLOB,BLOB,0,10509,,,,,,,,,8e886e03,8e886e03,"{""_index"":0,""QBCS"":2,""QBSS"":24,""QBTS"":23}",8e8da903,
BLOB,BLOB,0,10666,,,,,,,,,8e886e03,8e886e03,"{""_index"":0,""HBST"":3}",8e8da903,
BLOB,BLOB,0,10727,,,,,,,,,8e886e03,8e886e03,"{""_index"":0,""QBCS"":10,""QBSS"":11,""QBTS"":19}",8e8da903,
BLOB,BLOB,0,18053,,,,,,,,,8e886e03,8e886e03,"{""_index"":0,""HBST"":4}",8e8da903,
BLOB,BLOB,0,18248,,,,,,,,,8e886e03,8e886e03,"{""_index"":0,""WRST"":11}",8e8da903,
BLOB,BLOB,0,18262,,,,,,,,,8e886e03,8e886e03,"{""_index"":0,""QBCS"":5,""QBSS"":14,""QBTS"":30}",8e8da903,
BLOB,BLOB,0,18275,,,,,,,,,8e886e03,8e886e03,"{""_index"":0,""QBCS"":2,""QBSS"":10,""QBTS"":27}",8e8da903,
BLOB,BLOB,0,18292,,,,,,,,,8e886e03,8e886e03,"{""_index"":0,""HBST"":1}",8e8da903,
BLOB,BLOB,0,18325,,,,,,,,,8e886e03,8e886e03,"{""_index"":0,""QBCS"":1,""QBSS"":14,""QBTS"":32}",8e8da903,
BLOB,BLOB,0,18368,,,,,,,,,8e886e03,8e886e03,"{""_index"":0,""QBCS"":5,""QBSS"":6,""QBTS"":9}",8e8da903,
BLOB,BLOB,0,18375,,,,,,,,,8e886e03,8e886e03,"{""_index"":0,""QBCS"":9,""QBSS"":24,""QBTS"":35}",8e8da903,
BLOB,BLOB,0,18417,,,,,,,,,8e886e03,8e886e03,"{""_index"":0,""LBST"":5}",8e8da903,
BLOB,BLOB,0,18556,,,,,,,,,8e886e03,8e886e03,"{""_index"":0,""LBST"":1}",8e8da903,
BLOB,BLOB,0,18638,,,,,,,,,8e886e03,8e886e03,"{""_index"":0,""HBST"":1}",8e8da903,
BLOB,BLOB,0,18726,,,,,,,,,8e886e03,8e886e03,"{""_index"":0,""QBCS"":1,""QBSS"":14,""QBTS"":18}",8e8da903,
BLOB,BLOB,0,18758,,,,,,,,,8e886e03,8e886e03,"{""_index"":0,""QBCS"":7,""QBSS"":2,""QBTS"":12}",8e8da903,
BLOB,BLOB,0,18808,,,,,,,,,8e886e03,8e886e03,"{""_index"":0,""QBCS"":10,""QBSS"":14,""QBTS"":25}",8e8da903,
BLOB,BLOB,0,18874,,,,,,,,,8e886e03,8e886e03,"{""_index"":0,""QBCS"":9,""QBSS"":24,""QBTS"":25}",8e8da903,
BLOB,BLOB,0,18894,,,,,,,,,8e886e03,8e886e03,"{""_index"":0,""QBCS"":9,""QBSS"":19,""QBTS"":29}",8e8da903,
BLOB,BLOB,0,18922,,,,,,,,,8e886e03,8e886e03,"{""_index"":0,""QBCS"":10,""QBSS"":3,""QBTS"":28}",8e8da903,
BLOB,BLOB,0,19005,,,,,,,,,8e886e03,8e886e03,"{""_index"":0,""QBCS"":8,""QBSS"":10,""QBTS"":40}",8e8da903,
BLOB,BLOB,0,19042,,,,,,,,,8e886e03,8e886e03,"{""_index"":0,""QBCS"":8,""QBSS"":21,""QBTS"":39}",8e8da903,
BLOB,BLOB,0,19052,,,,,,,,,8e886e03,8e886e03,"{""_index"":0,""QBCS"":3,""QBSS"":6,""QBTS"":32}",8e8da903,
BLOB,BLOB,0,19070,,,,,,,,,8e886e03,8e886e03,"{""_index"":0,""QBCS"":9,""QBSS"":10,""QBTS"":20}",8e8da903,
BLOB,BLOB,0,19085,,,,,,,,,8e886e03,8e886e03,"{""_index"":0,""QBCS"":10,""QBSS"":24,""QBTS"":18}",8e8da903,
BLOB,BLOB,0,19100,,,,,,,,,8e886e03,8e886e03,"{""_index"":0,""BCCS"":2,""HBST"":1}",8e8da903,
BLOB,BLOB,0,19110,,,,,,,,,8e886e03,8e886e03,"{""_index"":0,""QBCS"":10,""QBSS"":15,""QBTS"":14}",8e8da903,
BLOB,BLOB,0,19183,,,,,,,,,8e886e03,8e886e03,"{""_index"":0,""QBCS"":8,""QBSS"":14,""QBTS"":34}",8e8da903,
BLOB,BLOB,0,19401,,,,,,,,,8e886e03,8e886e03,"{""_index"":0,""HBST"":1}",8e8da903,
BLOB,BLOB,0,19521,,,,,,,,,8e886e03,8e886e03,"{""_index"":0,""WRST"":11}",8e8da903,
BLOB,BLOB,0,19578,,,,,,,,,8e886e03,8e886e03,"{""_index"":0,""HBST"":4}",8e8da903,
BLOB,BLOB,0,19680,,,,,,,,,8e886e03,8e886e03,"{""_index"":0,""QBCS"":9,""QBSS"":15,""QBTS"":27}",8e8da903,
BLOB,BLOB,0,19746,,,,,,,,,8e886e03,8e886e03,"{""_index"":0,""QBCS"":8,""QBSS"":10,""QBTS"":36}",8e8da903,
BLOB,BLOB,0,19887,,,,,,,,,8e886e03,8e886e03,"{""_index"":0,""QBCS"":7,""QBSS"":24,""QBTS"":24}",8e8da903,
BLOB,BLOB,0,19910,,,,,,,,,8e886e03,8e886e03,"{""_index"":0,""QBCS"":1,""QBSS"":18,""QBTS"":37}",8e8da903,
BLOB,BLOB,0,19930,,,,,,,,,8e886e03,8e886e03,"{""_index"":0,""QBCS"":2,""QBSS"":14,""QBTS"":37}",8e8da903,
BLOB,BLOB,0,19941,,,,,,,,,8e886e03,8e886e03,"{""_index"":0,""QBCS"":7,""QBSS"":19,""QBTS"":20}",8e8da903,
BLOB,BLOB,0,19943,,,,,,,,,8e886e03,8e886e03,"{""_index"":0,""QBCS"":1,""QBSS"":14,""QBTS"":27}",8e8da903,
BLOB,BLOB,0,19957,,,,,,,,,8e886e03,8e886e03,"{""_index"":0,""HBST"":3}",8e8da903,
BLOB,BLOB,0,20110,,,,,,,,,8e886e03,8e886e03,"{""_index"":0,""QBCS"":10,""QBSS"":10,""QBTS"":27}",8e8da903,
BLOB,BLOB,0,20185,,,,,,,,,8e886e03,8e886e03,"{""_index"":0,""QBCS"":7,""QBSS"":15,""QBTS"":12}",8e8da903,
BLOB,BLOB,0,20232,,,,,,,,,8e886e03,8e886e03,"{""_index"":0,""HBST"":4}",8e8da903,
BLOB,BLOB,0,20308,,,,,,,,,8e886e03,8e886e03,"{""_index"":0,""QBTS"":32}",8e8da903,
BLOB,BLOB,0,20334,,,,,,,,,8e886e03,8e886e03,"{""_index"":0,""QBCS"":9,""QBSS"":10,""QBTS"":27}",8e8da903,
BLOB,BLOB,0,20578,,,,,,,,,8e886e03,8e886e03,"{""_index"":0,""WRST"":19}",8e8da903,
BLOB,BLOB,0,20627,,,,,,,,,8e886e03,8e886e03,"{""_index"":0,""HBST"":1}",8e8da903,
BLOB,BLOB,0,20783,,,,,,,,,8e886e03,8e886e03,"{""_index"":0,""QBCS"":8,""QBSS"":19,""QBTS"":40}",8e8da903,
BLOB,BLOB,0,20892,,,,,,,,,8e886e03,8e886e03,"{""_index"":0,""QBCS"":9,""QBSS"":14,""QBTS"":27}",8e8da903,
BLOB,BLOB,0,20931,,,,,,,,,8e886e03,8e886e03,"{""_index"":0,""BCLS"":7,""WRST"":15}",8e8da903,
BLOB,BLOB,0,20933,,,,,,,,,8e886e03,8e886e03,"{""_index"":0,""LBST"":1}",8e8da903,
BLOB,BLOB,0,20964,,,,,,,,,8e886e03,8e886e03,"{""_index"":0,""HBST"":3,""QBSS"":13}",8e8da903,
BLOB,BLOB,0,21009,,,,,,,,,8e886e03,8e886e03,"{""_index"":0,""HBST"":1}",8e8da903,
BLOB,BLOB,0,21074,,,,,,,,,8e886e03,8e886e03,"{""_index"":0,""QBCS"":7,""QBSS"":23,""QBTS"":27}",8e8da903,
BLOB,BLOB,0,21120,,,,,,,,,8e886e03,8e886e03,"{""_index"":0,""QBCS"":3,""QBSS"":11,""QBTS"":41}",8e8da903,
BLOB,BLOB,0,21222,,,,,,,,,8e886e03,8e886e03,"{""_index"":0,""LBST"":3}",8e8da903,
BLOB,BLOB,0,21413,,,,,,,,,8e886e03,8e886e03,"{""_index"":0,""QBCS"":4,""QBSS"":11,""QBTS"":34}",8e8da903,
BLOB,BLOB,0,21429,,,,,,,,,8e886e03,8e886e03,"{""_index"":0,""QBCS"":1,""QBSS"":14,""QBTS"":19}",8e8da903,
BLOB,BLOB,0,21492,,,,,,,,,8e886e03,8e886e03,"{""_index"":0,""QBCS"":7,""QBSS"":12,""QBTS"":19}",8e8da903,
BLOB,BLOB,0,21517,,,,,,,,,8e886e03,8e886e03,"{""_index"":0,""QBCS"":7,""QBSS"":24,""QBTS"":41}",8e8da903,
BLOB,BLOB,0,21538,,,,,,,,,8e886e03,8e886e03,"{""_index"":0,""QBCS"":5,""QBSS"":19,""QBTS"":12}",8e8da903,
BLOB,BLOB,0,21575,,,,,,,,,8e886e03,8e886e03,"{""_index"":0,""LBST"":4}",8e8da903,
BLOB,BLOB,0,21586,,,,,,,,,8e886e03,8e886e03,"{""_index"":0,""HBST"":4}",8e8da903,
BLOB,BLOB,0,21797,,,,,,,,,8e886e03,8e886e03,"{""_index"":0,""WRST"":19}",8e8da903,
BLOB,BLOB,0,21814,,,,,,,,,8e886e03,8e886e03,"{""_index"":0,""QBCS"":10,""QBSS"":10,""QBTS"":20}",8e8da903,
BLOB,BLOB,0,21848,,,,,,,,,8e886e03,8e886e03,"{""_index"":0,""QBCS"":1,""QBSS"":14,""QBTS"":5}",8e8da903,
BLOB,BLOB,0,21875,,,,,,,,,8e886e03,8e886e03,"{""_index"":0,""QBCS"":2,""QBSS"":10,""QBTS"":41}",8e8da903,
BLOB,BLOB,0,21888,,,,,,,,,8e886e03,8e886e03,"{""_index"":0,""HBST"":1}",8e8da903,
BLOB,BLOB,0,22036,,,,,,,,,8e886e03,8e886e03,"{""_index"":0,""QBCS"":5,""QBSS"":19,""QBTS"":25}",8e8da903,
BLOB,BLOB,0,22159,,,,,,,,,8e886e03,8e886e03,"{""_index"":0,""QBCS"":2,""QBSS"":24,""QBTS"":41}",8e8da903,
BLOB,BLOB,0,22171,,,,,,,,,8e886e03,8e886e03,"{""_index"":0,""HBST"":4}",8e8da903,
BLOB,BLOB,0,22191,,,,,,,,,8e886e03,8e886e03,"{""_index"":0,""QBCS"":1,""QBSS"":10}",8e8da903,
BLOB,BLOB,0,22208,,,,,,,,,8e886e03,8e886e03,"{""_index"":0,""QBCS"":10,""QBSS"":23,""QBTS"":36}",8e8da903,
BLOB,BLOB,0,22216,,,,,,,,,8e886e03,8e886e03,"{""_index"":0,""QBCS"":10,""QBSS"":24,""QBTS"":36}",8e8da903,
BLOB,BLOB,0,22381,,,,,,,,,8e886e03,8e886e03,"{""_index"":0,""HBST"":1}",8e8da903,
BLOB,BLOB,0,22660,,,,,,,,,8e886e03,8e886e03,"{""_index"":0,""WRST"":14}",8e8da903,
BLOB,BLOB,0,22678,,,,,,,,,8e886e03,8e886e03,"{""_index"":0,""QBCS"":1,""QBSS"":24,""QBTS"":18}",8e8da903,
BLOB,BLOB,0,22820,,,,,,,,,8e886e03,8e886e03,"{""_index"":0,""QBCS"":2,""QBSS"":15,""QBTS"":19}",8e8da903,
BLOB,BLOB,0,22933,,,,,,,,,8e886e03,8e886e03,"{""_index"":0,""QBCS"":8,""QBSS"":11,""QBTS"":21}",8e8da903,
BLOB,BLOB,0,22994,,,,,,,,,8e886e03,8e886e03,"{""_index"":0,""QBCS"":1,""QBSS"":24,""QBTS"":36}",8e8da903,
BLOB,BLOB,0,23003,,,,,,,,,8e886e03,8e886e03,,,f4000400
BLOB,BLOB,0,23078,,,,,,,,,8e886e03,8e886e03,"{""_index"":0,""QBCS"":5,""QBSS"":18,""QBTS"":36}",8e8da903,
BLOB,BLOB,0,23084,,,,,,,,,8e886e03,8e886e03,"{""_index"":0,""LBST"":2}",8e8da903,
BLOB,BLOB,0,23211,,,,,,,,,8e886e03,8e886e03,"{""_index"":0,""QBCS"":6,""QBSS"":14,""QBTS"":34}",8e8da903,
BLOB,BLOB,0,23239,,,,,,,,,8e886e03,8e886e03,"{""_index"":0,""QBCS"":3,""QBSS"":3,""QBTS"":20}",8e8da903,
BLOB,BLOB,0,23304,,,,,,,,,8e886e03,8e886e03,"{""_index"":0,""HBST"":1}",8e8da903,
BLOB,BLOB,0,23366,,,,,,,,,8e886e03,8e886e03,"{""_index"":0,""HBST"":1}",8e8da903,
BLOB,BLOB,0,23483,,,,,,,,,8e886e03,8e886e03,"{""_index"":0,""LBST"":2}",8e8da903,
BLOB,BLOB,0,23559,,,,,,,,,8e886e03,8e886e03,"{""_index"":0,""LBST"":5}",8e8da903,
BLOB,BLOB,0,23567,,,,,,,,,8e886e03,8e886e03,"{""_index"":0,""HBST"":1}",8e8da903,
BLOB,BLOB,0,23615,,,,,,,,,8e886e03,8e886e03,"{""_index"":0,""QBCS"":10,""QBSS"":14,""QBTS"":28}",8e8da903,
BLOB,BLOB,0,23616,,,,,,,,,8e886e03,8e886e03,"{""_index"":0,""QBCS"":6,""QBSS"":15,""QBTS"":18}",8e8da903,
BLOB,BLOB,0,23650,,,,,,,,,8e886e03,8e886e03,"{""_index"":0,""HBST"":1}",8e8da903,
BLOB,BLOB,0,23696,,,,,,,,,8e886e03,8e886e03,"{""_index"":0,""QBCS"":9,""QBSS"":14,""QBTS"":20}",8e8da903,
BLOB,BLOB,0,23750,,,,,,,,,8e886e03,8e886e03,"{""_index"":0,""QBCS"":6,""QBSS"":20,""QBTS"":19}",8e8da903,
BLOB,BLOB,0,23902,,,,,,,,,8e886e03,8e886e03,"{""_index"":0,""HBST"":3}",8e8da903,
BLOB,BLOB,0,23933,,,,,,,,,8e886e03,8e886e03,"{""_index"":0,""QBCS"":10,""QBSS"":23,""QBTS"":29}",8e8da903,
BLOB,BLOB,0,23978,,,,,,,,,8e886e03,8e886e03,"{""_index"":0,""QBCS"":5,""QBSS"":23,""QBTS"":37}",8e8da903,
BLOB,BLOB,0,24445,,,,,,,,,8e886e03,8e886e03,"{""_index"":0,""QBCS"":10,""QBSS"":24,""QBTS"":41}",8e8da903,
BLOB,BLOB,0,24530,,,,,,,,,8e886e03,8e886e03,"{""_index"":0,""QBCS"":5,""QBSS"":23,""QBTS"":37}",8e8da903,
BLOB,BLOB,0,24649,,,,,,,,,8e886e03,8e886e03,"{""_index"":0,""QBCS"":8,""QBSS"":14,""QBTS"":18}",8e8da903,
BLOB,BLOB,0,24681,,,,,,,,,8e886e03,8e886e03,"{""_index"":0,""QBCS"":6,""QBSS"":24,""QBTS"":18}",8e8da903,
BLOB,BLOB,0,24789,,,,,,,,,8e886e03,8e886e03,"{""_index"":0,""QBCS"":2,""QBSS"":12,""QBTS"":37}",8e8da903,
BLOB,BLOB,0,24828,,,,,,,,,8e886e03,8e886e03,"{""_index"":0,""QBCS"":9,""QBSS"":10,""QBTS"":37}",8e8da903,
BLOB,BLOB,0,24913,,,,,,,,,8e886e03,8e886e03,"{""_index"":0,""QBCS"":8,""QBSS"":12,""QBTS"":12}",8e8da903,
BLOB,BLOB,0,24922,,,,,,,,,8e886e03,8e886e03,"{""_index"":0,""HBST"":1}",8e8da903,
BLOB,BLOB,0,24939,,,,,,,,,8e886e03,8e886e03,"{""_index"":0,""QBCS"":9,""QBSS"":14,""QBTS"":33}",8e8da903,
BLOB,BLOB,0,24949,,,,,,,,,8e886e03,8e886e03,"{""_index"":0,""HBST"":1}",8e8da903,
BLOB,BLOB,0,24958,,,,,,,,,8e886e03,8e886e03,"{""_index"":0,""HBST"":1}",8e8da903,
BLOB,BLOB,0,25057,,,,,,,,,8e886e03,8e886e03,"{""_index"":0,""HBST"":4}",8e8da903,
BLOB,BLOB,0,25075,,,,,,,,,8e886e03,8e886e03,"{""_index"":0,""QBCS"":9,""QBSS"":10,""QBTS"":27}",8e8da903,
BLOB,BLOB,0,25078,,,,,,,,,8e886e03,8e886e03,"{""_index"":0,""QBTS"":41}",8e8da903,
BLOB,BLOB,0,25175,,,,,,,,,8e886e03,8e886e03,"{""_index"":0,""QBCS"":1,""QBSS"":14,""QBTS"":23}",8e8da903,
BLOB,BLOB,0,25181,,,,,,,,,8e886e03,8e886e03,"{""_index"":0,""HBST"":1}",8e8da903,
BLOB,BLOB,0,25276,,,,,,,,,8e886e03,8e886e03,"{""_index"":0,""QBCS"":3,""QBSS"":24,""QBTS"":39}",8e8da903,
BLOB,BLOB,0,25282,,,,,,,,,8e886e03,8e886e03,"{""_index"":0,""WRST"":11}",8e8da903,
BLOB,BLOB,0,25293,,,,,,,,,8e886e03,8e886e03,"{""_index"":0,""QBCS"":1,""QBSS"":24,""QBTS"":27}",8e8da903,
BLOB,BLOB,0,25344,,,,,,,,,8e886e03,8e886e03,"{""_index"":0,""QBCS"":10,""QBSS"":14,""QBTS"":24}",8e8da903,
BLOB,BLOB,0,25350,,,,,,,,,8e886e03,8e886e03,"{""_index"":0,""HBST"":1}",8e8da903,
BLOB,BLOB,0,25362,,,,,,,,,8e886e03,8e886e03,"{""_index"":0,""QBCS"":7,""QBSS"":14,""QBTS"":38}",8e8da903,
BLOB,BLOB,0,25386,,,,,,,,,8e886e03,8e886e03,"{""_index"":0,""QBCS"":5,""QBSS"":10,""QBTS"":25}",8e8da903,
BLOB,BLOB,0,25481,,,,,,,,,8e886e03,8e886e03,"{""_index"":0,""QBCS"":8,""QBSS"":11,""QBTS"":14}",8e8da903,
BLOB,BLOB,0,25663,,,,,,,,,8e886e03,8e886e03,"{""_index"":0,""QBCS"":6,""QBSS"":14,""QBTS"":21}",8e8da903,
BLOB,BLOB,0,25736,,,,,,,,,8e886e03,8e886e03,"{""_index"":0,""HBST"":1}",8e8da903,
BLOB,BLOB,0,27500,,,,,,,,,8e886e03,8e886e03,"{""_index"":0,""QBTS"":39}",8e8da903,
BLOB,BLOB,0,27887,,,,,,,,,8e886e03,8e886e03,"{""_index"":0,""HBST"":1}",8e8da903,
BLOB,BLOB,0,28226,,,,,,,,,8e886e03,8e886e03,"{""_index"":0,""QBCS"":10,""QBSS"":18,""QBTS"":35}",8e8da903,
BLOB,BLOB,0,28496,,,,,,,,,8e886e03,8e886e03,"{""_index"":0,""QBCS"":3,""QBSS"":23}",8e8da903,
BLOB,BLOB,0,28908,,,,,,,,,8e886e03,8e886e03,"{""_index"":0,""WRST"":13}",8e8da903,
BLOB,BLOB,0,28938,,,,,,,,,8e886e03,8e886e03,"{""_index"":0,""HBST"":3}",8e8da903,
BLOB,BLOB,0,29053,,,,,,,,,8e886e03,8e886e03,"{""_index"":0,""QBCS"":9,""QBSS"":14,""QBTS"":25}",8e8da903,
BLOB,BLOB,0,29138,,,,,,,,,8e886e03,8e886e03,"{""_index"":0,""QBCS"":1,""QBSS"":15,""QBTS"":27}",8e8da903,
BLOB,BLOB,0,29217,,,,,,,,,8e886e03,8e886e03,"{""_index"":0,""QBCS"":8,""QBSS"":24,""QBTS"":36}",8e8da903,
BLOB,BLOB,0,29385,,,,,,,,,8e886e03,8e886e03,"{""_index"":0,""QBTS"":21}",8e8da903,
BLOB,BLOB,0,29442,,,,,,,,,8e886e03,8e886e03,"{""_index"":0,""QBCS"":9,""QBSS"":14,""QBTS"":25}",8e8da903,
BLOB,BLOB,0,29482,,,,,,,,,8e886e03,8e886e03,"{""_index"":0,""QBCS"":6,""QBSS"":14,""QBTS"":41}",8e8da903,
BLOB,BLOB,0,29503,,,,,,,,,8e886e03,8e886e03,"{""_index"":0,""QBCS"":8,""QBSS"":2,""QBTS"":25}",8e8da903,
BLOB,BLOB,0,30524,,,,,,,,,8e886e03,8e886e03,"{""_index"":0,""QBCS"":3,""QBSS"":2,""QBTS"":5}",8e8da903,
BLOB,BLOB,0,30541,,,,,,,,,8e886e03,8e886e03,"{""_index"":0,""LBST"":4}",8e8da903,
BLOB,BLOB,0,30578,,,,,,,,,8e886e03,8e886e03,"{""_index"":0,""QBCS"":6,""QBSS"":7,""QBTS"":19}",8e8da903,
BLOB,BLOB,0,30736,,,,,,,,,8e886e03,8e886e03,"{""_index"":0,""QBCS"":3,""QBSS"":14,""QBTS"":25}",8e8da903,
BLOB,BLOB,0,31242,,,,,,,,,8e886e03,8e886e03,"{""_index"":0,""QBCS"":6,""QBSS"":14,""QBTS"":4}",8e8da903,
BLOB,BLOB,0,31274,,,,,,,,,8e886e03,8e886e03,"{""_index"":0,""HBST"":1}",8e8da903,
BLOB,BLOB,0,31371,,,,,,,,,8e886e03,8e886e03,"{""_index"":0,""HBST"":1}",8e8da903,
BLOB,BLOB,0,31416,,,,,,,,,8e886e03,8e886e03,"{""_index"":0,""HBST"":3}",8e8da903,
BLOB,BLOB,0,31535,,,,,,,,,8e886e03,8e886e03,"{""_index"":0,""QBCS"":1,""QBSS"":11,""QBTS"":24}",8e8da903,
BLOB,BLOB,0,33067,,,,,,,,,8e886e03,8e886e03,"{""_index"":0,""HBST"":1}",8e8da903,
BLOB,BLOB,0,33236,,,,,,,,,8e886e03,8e886e03,"{""_index"":0,""QBCS"":9,""QBSS"":10,""QBTS"":7}",8e8da903,
BLOB,BLOB,0,33561,,,,,,,,,8e886e03,8e886e03,"{""_index"":0,""QBCS"":1,""QBSS"":18,""QBTS"":43}",8e8da903,
BLOB,BLOB,0,33763,,,,,,,,,8e886e03,8e886e03,"{""_index"":0,""HBST"":3}",8e8da903,
BLOB,BLOB,0,33828,,,,,,,,,8e886e03,8e886e03,"{""_index"":0,""QBTS"":21}",8e8da903,
BLOB,BLOB,0,34572,,,,,,,,,8e886e03,8e886e03,"{""_index"":0,""HBST"":4}",8e8da903,
BLOB,BLOB,0,34574,,,,,,,,,8e886e03,8e886e03,"{""_index"":0,""BCCS"":2,""HBST"":1}",8e8da903,
BLOB,BLOB,0,200891,,,,,,,,,8e886e03,8e886e03,"{""_index"":0,""QBCS"":3,""QBSS"":10,""QBTS"":27}",8e8da903,
BLOB,BLOB,0,201506,,,,,,,,,8e886e03,8e886e03,"{""_index"":0,""QBTS"":38}",8e8da903,
BLOB,BLOB,0,201536,,,,,,,,,8e886e03,8e886e03,"{""_index"":0,""QBTS"":38}",8e8da903,
BLOB,BLOB,0,201554,,,,,,,,,8e886e03,8e886e03,"{""_index"":0,""QBTS"":36}",8e8da903,
BLOB,BLOB,0,205076,,,,,,,,,8e886e03,8e886e03,"{""_index"":0,""QBCS"":2,""QBSS"":14,""QBTS"":27}",8e8da903,
BLOB,BLOB,0,206710,,,,,,,,,8e886e03,8e886e03,"{""_index"":0,""QBCS"":1,""QBSS"":14,""QBTS"":18}",8e8da903,
